_order,anomaly_id,stage,timestamp,best_path,root_cause,llm_confidence,temporal_score,rca_score,combined_score,final_score,summary,root_cause_explanation,propagation_explanation,confidence_explanation,recommendation
0,anom_0,P3,2019-12-06 10:13:08,FIT301.Pv -> DPIT301.Pv,FIT301.Pv,0.8,0.0,0.2009512485136742,0.3601902497027349,0.3601902497027349,"{
  ""summary"": ""An anomaly was detected in the SWaT water-treatment system at stage P3 on December 6, 2019, at 10:13:08. The anomalous sensors were FIT301.Pv, DPIT301.Pv, and AIT302.Pv."",
  ""root_cause_explanation"": ""The root cause of the anomaly is likely related to sensor AIT302.Pv, with a confidence score of 0.2009512485136742. This sensor measures temperature and could have failed or been affected by an external factor, leading to incorrect readings that propagated through the system."",
  ""propagation_explanation"":",Not available.,Not available.,Not available.,Perform manual review.
3,anom_3,P4,2019-12-06 10:19:33,AIT402.Pv,AIT402.Pv,0.8,0.0,0.9381688466111772,0.5076337693222355,0.5076337693222355,"{
  ""summary"": ""On December 6, 2019, at 10:19 AM, an anomaly was detected in the P4 stage of the SWaT water-treatment system. The AIT402.Pv sensor indicated a deviation from its expected value."",
  ""root_cause_explanation"": ""The root cause is identified as the AIT402.Pv sensor with a high confidence score of 0.9381688466111772, indicating that this sensor's failure or misreading directly led to the anomaly."",
  ""propagation_explanation"": ""Given the selected path is empty and no other sensors are involved in the propagation, it can be inferred that the anomaly did not",Not available.,Not available.,Not available.,Perform manual review.
2,anom_2,P2,2019-12-06 10:14:41,FIT201.Pv,FIT201.Pv,1.0,0.0,0.20095124851367419,0.44019024970273485,0.44019024970273485,"{
  ""summary"": ""On December 6, 2019, at 10:14:41, an anomaly was detected in the SWaT water-treatment system during stage P2. The FIT201.Pv sensor indicated a deviation from normal operation."",
  ""root_cause_explanation"": ""The root cause of this anomaly is likely related to either the AIT201.Pv or AIT203.Pv sensors, both with a score of 0.20095124851367419. The FIT201.Pv sensor also contributed significantly with a score of 0.2009512485136742,",Not available.,Not available.,Not available.,Perform manual review.
1,anom_1,P1,2019-12-06 10:13:57,LIT101.Pv,LIT101.Pv,0.9,0.0,0.20095124851367419,0.40019024970273487,0.40019024970273487,"{
  ""summary"": ""At 2019-12-06 10:13:57, an anomaly was detected in the SWaT water-treatment system at stage P1. The LIT101.Pv sensor indicated a deviation from its expected value."",
  ""root_cause_explanation"": ""The root cause of this anomaly is identified as a malfunction or misreading by the LIT101.Pv level indicator sensor, which has a RCA score of 0.20095124851367419. This suggests that the sensor's measurement was inaccurate at the time of the incident."",
  ""propagation_explanation"": ""Given that only LIT101.Pv",Not available.,Not available.,Not available.,Perform manual review.
4,anom_4,P5,2019-12-06 10:19:59,PIT502.Pv,PIT502.Pv,1.0,0.0,0.6338219009293992,0.5267643801858799,0.5267643801858799,"{
  ""summary"": ""An anomaly was detected in the SWaT water-treatment system at stage P5 on December 6, 2019, at 10:19:59. The primary sensor indicating this anomaly is PIT502.Pv."",
  ""root_cause_explanation"": ""The root cause of the anomaly is identified as a malfunction or misreading in the pressure measurement provided by PIT502.Pv, with a high confidence score of 0.6338. This sensor measures the pressure at point P5 and its failure to accurately report values likely disrupted the system's normal operation."",
  ""propagation_explanation"": ""The anomaly propagated through the system due to the reliance on inaccurate pressure data from PIT502",Not available.,Not available.,Not available.,Perform manual review.
5,anom_5,P5,2019-12-06 10:20:00,PIT502.Pv,PIT502.Pv,1.0,0.0,0.6338219009293992,0.5267643801858799,0.5267643801858799,"{
  ""summary"": ""An anomaly was detected in the SWaT water-treatment system at stage P5 on December 6, 2019, at 10:20 AM. The primary sensor indicating this anomaly is PIT502.Pv."",
  ""root_cause_explanation"": ""The root cause of the anomaly is most likely related to a malfunction or misreading in the pressure measurement provided by PIT502.Pv, with a confidence score of 63.38%. This sensor measures the pressure at point P5 and its failure can significantly impact downstream processes."",
  ""propagation_explanation"": ""The anomaly propagated along the path from the pressure measurement (PIT502.Pv) to other components in the system, potentially",Not available.,Not available.,Not available.,Perform manual review.
6,anom_6,P5,2019-12-06 10:20:01,PIT502.Pv,PIT502.Pv,1.0,0.0,0.6338219009293992,0.5267643801858799,0.5267643801858799,"{
  ""summary"": ""An anomaly was detected in the SWaT water-treatment system at stage P5 on December 6, 2019, at 10:20:01. The primary sensor indicating this anomaly is PIT502.Pv."",
  ""root_cause_explanation"": ""The root cause of the anomaly is identified as a malfunction or misreading in the pressure measurement provided by PIT502.Pv. This sensor has the highest RCA score (0.6338), suggesting it directly contributed to the observed anomaly."",
  ""propagation_explanation"": ""Given that only one sensor, PIT502.Pv, is flagged as anomalous and no propagation path was selected in the data, it can be inferred that",Not available.,Not available.,Not available.,Perform manual review.
7,anom_7,P5,2019-12-06 10:20:02,PIT502.Pv,PIT502.Pv,1.0,0.0,0.6338219009293992,0.5267643801858799,0.5267643801858799,"{
  ""summary"": ""An anomaly was detected in the SWaT water-treatment system at stage P5 on December 6, 2019, at 10:20:02. The primary sensor indicating this anomaly is PIT502.Pv."",
  ""root_cause_explanation"": ""The root cause of the anomaly is identified as a malfunction or misreading in the pressure measurement provided by PIT502.Pv, with a high confidence score of 0.6338. This sensor measures the pressure at point P5 and its failure to accurately report values likely led to the observed anomaly."",
  ""propagation_explanation"": ""The anomaly did not propagate further along any specific path as indicated by the empty 'selected_path' field",Not available.,Not available.,Not available.,Perform manual review.
8,anom_8,P5,2019-12-06 10:20:03,PIT502.Pv,PIT502.Pv,1.0,0.0,0.6338219009293992,0.5267643801858799,0.5267643801858799,"{
  ""summary"": ""An anomaly was detected in the SWaT water-treatment system at stage P5 on December 6, 2019, at 10:20:03. The primary sensor indicating this anomaly is PIT502.Pv."",
  ""root_cause_explanation"": ""The root cause of the anomaly is identified as a malfunction or misreading in the pressure sensor PIT502.Pv, with a high confidence score of 0.6338. This sensor measures the pressure at point P5 and its failure led to an incorrect reading that triggered the anomaly detection."",
  ""propagation_explanation"": ""The anomaly did not propagate further along any specific path as indicated by the empty 'selected_path' field in the",Not available.,Not available.,Not available.,Perform manual review.
9,anom_9,P5,2019-12-06 10:20:04,PIT502.Pv,PIT502.Pv,1.0,0.0,0.6338219009293992,0.5267643801858799,0.5267643801858799,"{
  ""summary"": ""On December 6, 2019, at 10:20:04, an anomaly was detected in the SWaT water-treatment system during stage P5. The primary sensor indicating this anomaly was PIT502.Pv."",
  ""root_cause_explanation"": ""The root cause of the anomaly is most likely related to a malfunction or misreading by the pressure transmitter (PIT502). This is indicated by its high RCA score of 0.6338, which suggests that this sensor was the primary source of the issue."",
  ""propagation_explanation"": ""The anomaly did not propagate further along the system as no other sensors in the selected path showed significant changes or anomalies. The lack of",Not available.,Not available.,Not available.,Perform manual review.
10,anom_10,P5,2019-12-06 10:20:05,PIT502.Pv,PIT502.Pv,1.0,0.0,0.6338219009293992,0.5267643801858799,0.5267643801858799,"{
  ""summary"": ""An anomaly was detected in the SWaT water-treatment system at stage P5 on December 6, 2019, at 10:20:05. The primary sensor indicating this anomaly is PIT502.Pv."",
  ""root_cause_explanation"": ""The root cause of the anomaly is identified as a malfunction or misreading in the pressure measurement provided by PIT502.Pv, with a high confidence score of 0.6338219009293992. This sensor measures the pressure at point P5 and its failure to accurately report values likely led to the observed anomaly."",
  ""propagation_explanation"": ""The anomaly propagated along the path from PIT",Not available.,Not available.,Not available.,Perform manual review.
11,anom_11,P5,2019-12-06 10:20:06,PIT502.Pv,PIT502.Pv,1.0,0.0,0.6338219009293992,0.5267643801858799,0.5267643801858799,"{
  ""summary"": ""An anomaly was detected in the SWaT water-treatment system at stage P5 on December 6, 2019, at 10:20:06. The primary sensor indicating this anomaly is PIT502.Pv."",
  ""root_cause_explanation"": ""The root cause of the anomaly is identified as a malfunction or misreading in the pressure measurement provided by PIT502.Pv, with a high confidence score of 0.6338. This sensor measures the pressure at point P5 and its failure to accurately report values likely led to the observed anomaly."",
  ""propagation_explanation"": ""The anomaly did not propagate further along the system as no other sensors in the selected path showed significant deviations",Not available.,Not available.,Not available.,Perform manual review.
12,anom_12,P5,2019-12-06 10:20:07,PIT502.Pv,PIT502.Pv,1.0,0.0,0.6338219009293992,0.5267643801858799,0.5267643801858799,"{
  ""summary"": ""An anomaly was detected in the P5 stage of the SWaT water-treatment system at 2019-12-06 10:20:07, specifically with sensor PIT502.Pv showing an unusual reading."",
  ""root_cause_explanation"": ""The root cause is most likely related to sensor PIT502.Pv, which has the highest RCA score of 0.6338. This sensor measures pressure in the system and its anomaly suggests a potential issue with the pressure regulation or flow control mechanisms downstream from this point."",
  ""propagation_explanation"": ""The anomaly propagated along the path defined by the sensors PIT502.Pv, AIT501.Pv (",Not available.,Not available.,Not available.,Perform manual review.
13,anom_13,P5,2019-12-06 10:20:08,PIT502.Pv,PIT502.Pv,1.0,0.0,0.6338219009293992,0.5267643801858799,0.5267643801858799,"{
  ""summary"": ""An anomaly was detected in the SWaT water-treatment system at stage P5 on December 6, 2019, at 10:20:08. The primary sensor indicating this anomaly is PIT502.Pv."",
  ""root_cause_explanation"": ""The root cause of the anomaly is most likely related to a malfunction or misreading in the pressure measurement provided by PIT502.Pv, with a confidence score of 63.38%. This sensor measures the pressure at point P5 and its failure can significantly impact the system's operation."",
  ""propagation_explanation"": ""The anomaly propagated through the system due to the reliance on inaccurate pressure data from PIT502.Pv for control",Not available.,Not available.,Not available.,Perform manual review.
14,anom_14,P5,2019-12-06 10:20:09,PIT502.Pv,PIT502.Pv,1.0,0.0,0.6338219009293992,0.5267643801858799,0.5267643801858799,"{
  ""summary"": ""An anomaly was detected in the SWaT water-treatment system at stage P5 on December 6, 2019, at 10:20:09. The primary sensor indicating this anomaly is PIT502.Pv."",
  ""root_cause_explanation"": ""The root cause of the anomaly is identified as a malfunction or misreading in the pressure indicator sensor PIT502.Pv, with a high confidence score of 0.6338. This sensor measures the pressure at this stage and its failure to accurately report could lead to incorrect system operations."",
  ""propagation_explanation"": ""The anomaly propagated through the system due to the reliance on inaccurate pressure readings from PIT502.Pv. Without",Not available.,Not available.,Not available.,Perform manual review.
15,anom_15,P1,2019-12-06 10:20:10,LIT101.Pv,LIT101.Pv,1.0,0.0,0.20095124851367419,0.44019024970273485,0.44019024970273485,"{
  ""summary"": ""At 2019-12-06 10:20:10, the level indicator sensor LIT101.Pv detected an anomaly in the P1 stage of the SWaT water-treatment system. This triggered a deviation from normal operating conditions."",
  ""root_cause_explanation"": ""The root cause is identified as a malfunction or misreading by the LIT101.Pv level sensor, which reported a value that deviated significantly from its expected range. The RCA score of 0.20095124851367419 indicates this sensor's critical role in identifying the anomaly."",
  ""propagation_explanation"": ""Given the selected path is not",Not available.,Not available.,Not available.,Perform manual review.
16,anom_16,P1,2019-12-06 10:20:11,LIT101.Pv,LIT101.Pv,1.0,0.0,0.20095124851367419,0.44019024970273485,0.44019024970273485,"{
  ""summary"": ""At 2019-12-06 10:20:11, an anomaly was detected in the SWaT water-treatment system at stage P1. The LIT101.Pv sensor indicated a deviation from its expected value."",
  ""root_cause_explanation"": ""The root cause of this anomaly is identified as a malfunction or misreading by the LIT101.Pv level indicator sensor, which has a RCA score of 0.20095124851367419. This suggests that while not the most significant factor, it was the primary contributor to the anomaly."",
  ""propagation_explanation"": ""Given the limited information provided and the",Not available.,Not available.,Not available.,Perform manual review.
17,anom_17,P1,2019-12-06 10:20:12,LIT101.Pv,LIT101.Pv,1.0,0.0,0.20095124851367419,0.44019024970273485,0.44019024970273485,"{
  ""summary"": ""An anomaly was detected in the SWaT water-treatment system at stage P1 on December 6, 2019, at 10:20:12. The liquid level indicator sensor LIT101.Pv showed an unexpected reading."",
  ""root_cause_explanation"": ""The root cause of this anomaly is likely due to a malfunction or misconfiguration in the LIT101.Pv sensor. This sensor measures the liquid level, and its erroneous reading could be caused by issues such as sensor failure, calibration drift, or external interference."",
  ""propagation_explanation"": ""Since only the LIT101.Pv sensor is flagged as anomalous, it suggests that the anomaly did not propagate further in",Not available.,Not available.,Not available.,Perform manual review.
18,anom_18,P1,2019-12-06 10:20:13,LIT101.Pv,LIT101.Pv,1.0,0.0,0.20095124851367419,0.44019024970273485,0.44019024970273485,"{
  ""summary"": ""At 2019-12-06 10:20:13, an anomaly was detected in the SWaT water-treatment system at stage P1. The LIT101.Pv sensor indicated a deviation from its expected value."",
  ""root_cause_explanation"": ""The root cause of this anomaly is identified as a malfunction or misreading by the LIT101.Pv level indicator sensor, which has a RCA score of 0.20095124851367419. This suggests that while not the most significant factor, it was the primary contributor to the anomaly."",
  ""propagation_explanation"": ""Given the lack of a specified propagation",Not available.,Not available.,Not available.,Perform manual review.
19,anom_19,P1,2019-12-06 10:20:14,LIT101.Pv,LIT101.Pv,1.0,0.0,0.20095124851367419,0.44019024970273485,0.44019024970273485,"{
  ""summary"": ""An anomaly was detected in the SWaT water-treatment system at stage P1 on December 6, 2019, at 10:20:14. The LIT101.Pv sensor indicated a deviation from its expected value."",
  ""root_cause_explanation"": ""The root cause of this anomaly is identified as the LIT101.Pv sensor reading, which deviated by approximately 20.1% from its normal range. This suggests that there was an unexpected change in the level or flow being measured at this point in the system."",
  ""propagation_explanation"": ""Given the limited information provided and the fact that no specific path is selected, it can be inferred that the anomaly did",Not available.,Not available.,Not available.,Perform manual review.
